Workbook
Name TierName: Tiers!$A$4:$A$7
Name TierDiscount: Tiers!$C$4:$C$7

Sheet Orders
A1: Order ID | B1: Order Date | C1: Customer ID | D1: Product | E1: Quantity | F1: Customer Name | G1: Country | H1: Category | I1: List Price | J1: Revenue | K1: Tier | L1: Discount % | M1: Net Revenue
A2: O0001 | B2: 46039 | C2: C012 | D2: iPhone 16 | E2: 1 | F2: =_xlfn.XLOOKUP(C2,Customers!$A$2:$A$13,Customers!$B$2:$B$13,"Not found") | G2: =_xlfn.XLOOKUP(C2,Customers!$A$2:$A$13,Customers!$C$2:$C$13,"Not found") | H2: =INDEX(Products!$C$2:$C$19,MATCH(D2,Products!$B$2:$B$19,0)) | I2: =_xlfn.XLOOKUP(D2,Products!$B$2:$B$19,Products!$D$2:$D$19,0) | J2: =I2*E2 | K2: =_xlfn.IFS(J2>=2000,"Platinum",J2>=1000,"Gold",J2>=300,"Silver",TRUE,"Bronze") | L2: =_xlfn.XLOOKUP(K2,TierName,TierDiscount,0) | M2: =J2*(1-L2)
A3: O0002 | B3: 45991 | C3: C005 | D3: Bluetooth Headphones | E3: 1 | F3: =_xlfn.XLOOKUP(C3,Customers!$A$2:$A$13,Customers!$B$2:$B$13,"Not found") | G3: =_xlfn.XLOOKUP(C3,Customers!$A$2:$A$13,Customers!$C$2:$C$13,"Not found") | H3: =INDEX(Products!$C$2:$C$19,MATCH(D3,Products!$B$2:$B$19,0)) | I3: =_xlfn.XLOOKUP(D3,Products!$B$2:$B$19,Products!$D$2:$D$19,0) | J3: =I3*E3 | K3: =_xlfn.IFS(J3>=2000,"Platinum",J3>=1000,"Gold",J3>=300,"Silver",TRUE,"Bronze") | L3: =_xlfn.XLOOKUP(K3,TierName,TierDiscount,0) | M3: =J3*(1-L3)
A4: O0003 | B4: 45481 | C4: C001 | D4: Dell XPS 15 | E4: 2 | F4: =_xlfn.XLOOKUP(C4,Customers!$A$2:$A$13,Customers!$B$2:$B$13,"Not found") | G4: =_xlfn.XLOOKUP(C4,Customers!$A$2:$A$13,Customers!$C$2:$C$13,"Not found") | H4: =INDEX(Products!$C$2:$C$19,MATCH(D4,Products!$B$2:$B$19,0)) | I4: =_xlfn.XLOOKUP(D4,Products!$B$2:$B$19,Products!$D$2:$D$19,0) | J4: =I4*E4 | K4: =_xlfn.IFS(J4>=2000,"Platinum",J4>=1000,"Gold",J4>=300,"Silver",TRUE,"Bronze") | L4: =_xlfn.XLOOKUP(K4,TierName,TierDiscount,0) | M4: =J4*(1-L4)
A5: O0004 | B5: 46249 | C5: C004 | D5: ThinkPad X1 | E5: 1 | F5: =_xlfn.XLOOKUP(C5,Customers!$A$2:$A$13,Customers!$B$2:$B$13,"Not found") | G5: =_xlfn.XLOOKUP(C5,Customers!$A$2:$A$13,Customers!$C$2:$C$13,"Not found") | H5: =INDEX(Products!$C$2:$C$19,MATCH(D5,Products!$B$2:$B$19,0)) | I5: =_xlfn.XLOOKUP(D5,Products!$B$2:$B$19,Products!$D$2:$D$19,0) | J5: =I5*E5 | K5: =_xlfn.IFS(J5>=2000,"Platinum",J5>=1000,"Gold",J5>=300,"Silver",TRUE,"Bronze") | L5: =_xlfn.XLOOKUP(K5,TierName,TierDiscount,0) | M5: =J5*(1-L5)
A6: O0005 | B6: 46123 | C6: C005 | D6: OnePlus 13 | E6: 1 | F6: =_xlfn.XLOOKUP(C6,Customers!$A$2:$A$13,Customers!$B$2:$B$13,"Not found") | G6: =_xlfn.XLOOKUP(C6,Customers!$A$2:$A$13,Customers!$C$2:$C$13,"Not found") | H6: =INDEX(Products!$C$2:$C$19,MATCH(D6,Products!$B$2:$B$19,0)) | I6: =_xlfn.XLOOKUP(D6,Products!$B$2:$B$19,Products!$D$2:$D$19,0) | J6: =I6*E6 | K6: =_xlfn.IFS(J6>=2000,"Platinum",J6>=1000,"Gold",J6>=300,"Silver",TRUE,"Bronze") | L6: =_xlfn.XLOOKUP(K6,TierName,TierDiscount,0) | M6: =J6*(1-L6)
A7: O0006 | B7: 45938 | C7: C012 | D7: Galaxy S24 | E7: 2 | F7: =_xlfn.XLOOKUP(C7,Customers!$A$2:$A$13,Customers!$B$2:$B$13,"Not found") | G7: =_xlfn.XLOOKUP(C7,Customers!$A$2:$A$13,Customers!$C$2:$C$13,"Not found") | H7: =INDEX(Products!$C$2:$C$19,MATCH(D7,Products!$B$2:$B$19,0)) | I7: =_xlfn.XLOOKUP(D7,Products!$B$2:$B$19,Products!$D$2:$D$19,0) | J7: =I7*E7 | K7: =_xlfn.IFS(J7>=2000,"Platinum",J7>=1000,"Gold",J7>=300,"Silver",TRUE,"Bronze") | L7: =_xlfn.XLOOKUP(K7,TierName,TierDiscount,0) | M7: =J7*(1-L7)
A8: O0007 | B8: 45458 | C8: C010 | D8: Echo Dot 6 | E8: 3 | F8: =_xlfn.XLOOKUP(C8,Customers!$A$2:$A$13,Customers!$B$2:$B$13,"Not found") | G8: =_xlfn.XLOOKUP(C8,Customers!$A$2:$A$13,Customers!$C$2:$C$13,"Not found") | H8: =INDEX(Products!$C$2:$C$19,MATCH(D8,Products!$B$2:$B$19,0)) | I8: =_xlfn.XLOOKUP(D8,Products!$B$2:$B$19,Products!$D$2:$D$19,0) | J8: =I8*E8 | K8: =_xlfn.IFS(J8>=2000,"Platinum",J8>=1000,"Gold",J8>=300,"Silver",TRUE,"Bronze") | L8: =_xlfn.XLOOKUP(K8,TierName,TierDiscount,0) | M8: =J8*(1-L8)
A9: O0008 | B9: 45533 | C9: C010 | D9: MacBook Air M4 | E9: 1 | F9: =_xlfn.XLOOKUP(C9,Customers!$A$2:$A$13,Customers!$B$2:$B$13,"Not found") | G9: =_xlfn.XLOOKUP(C9,Customers!$A$2:$A$13,Customers!$C$2:$C$13,"Not found") | H9: =INDEX(Products!$C$2:$C$19,MATCH(D9,Products!$B$2:$B$19,0)) | I9: =_xlfn.XLOOKUP(D9,Products!$B$2:$B$19,Products!$D$2:$D$19,0) | J9: =I9*E9 | K9: =_xlfn.IFS(J9>=2000,"Platinum",J9>=1000,"Gold",J9>=300,"Silver",TRUE,"Bronze") | L9: =_xlfn.XLOOKUP(K9,TierName,TierDiscount,0) | M9: =J9*(1-L9)
A10: O0009 | B10: 45856 | C10: C005 | D10: Surface Go 4 | E10: 1 | F10: =_xlfn.XLOOKUP(C10,Customers!$A$2:$A$13,Customers!$B$2:$B$13,"Not found") | G10: =_xlfn.XLOOKUP(C10,Customers!$A$2:$A$13,Customers!$C$2:$C$13,"Not found") | H10: =INDEX(Products!$C$2:$C$19,MATCH(D10,Products!$B$2:$B$19,0)) | I10: =_xlfn.XLOOKUP(D10,Products!$B$2:$B$19,Products!$D$2:$D$19,0) | J10: =I10*E10 | K10: =_xlfn.IFS(J10>=2000,"Platinum",J10>=1000,"Gold",J10>=300,"Silver",TRUE,"Bronze") | L10: =_xlfn.XLOOKUP(K10,TierName,TierDiscount,0) | M10: =J10*(1-L10)
A11: O0010 | B11: 45383 | C11: C007 | D11: HP Spectre x360 | E11: 1 | F11: =_xlfn.XLOOKUP(C11,Customers!$A$2:$A$13,Customers!$B$2:$B$13,"Not found") | G11: =_xlfn.XLOOKUP(C11,Customers!$A$2:$A$13,Customers!$C$2:$C$13,"Not found") | H11: =INDEX(Products!$C$2:$C$19,MATCH(D11,Products!$B$2:$B$19,0)) | I11: =_xlfn.XLOOKUP(D11,Products!$B$2:$B$19,Products!$D$2:$D$19,0) | J11: =I11*E11 | K11: =_xlfn.IFS(J11>=2000,"Platinum",J11>=1000,"Gold",J11>=300,"Silver",TRUE,"Bronze") | L11: =_xlfn.XLOOKUP(K11,TierName,TierDiscount,0) | M11: =J11*(1-L11)
A12: O0011 | B12: 46317 | C12: C004 | D12: ThinkPad X1 | E12: 1 | F12: =_xlfn.XLOOKUP(C12,Customers!$A$2:$A$13,Customers!$B$2:$B$13,"Not found") | G12: =_xlfn.XLOOKUP(C12,Customers!$A$2:$A$13,Customers!$C$2:$C$13,"Not found") | H12: =INDEX(Products!$C$2:$C$19,MATCH(D12,Products!$B$2:$B$19,0)) | I12: =_xlfn.XLOOKUP(D12,Products!$B$2:$B$19,Products!$D$2:$D$19,0) | J12: =I12*E12 | K12: =_xlfn.IFS(J12>=2000,"Platinum",J12>=1000,"Gold",J12>=300,"Silver",TRUE,"Bronze") | L12: =_xlfn.XLOOKUP(K12,TierName,TierDiscount,0) | M12: =J12*(1-L12)
A13: O0012 | B13: 45857 | C13: C001 | D13: Surface Go 4 | E13: 1 | F13: =_xlfn.XLOOKUP(C13,Customers!$A$2:$A$13,Customers!$B$2:$B$13,"Not found") | G13: =_xlfn.XLOOKUP(C13,Customers!$A$2:$A$13,Customers!$C$2:$C$13,"Not found") | H13: =INDEX(Products!$C$2:$C$19,MATCH(D13,Products!$B$2:$B$19,0)) | I13: =_xlfn.XLOOKUP(D13,Products!$B$2:$B$19,Products!$D$2:$D$19,0) | J13: =I13*E13 | K13: =_xlfn.IFS(J13>=2000,"Platinum",J13>=1000,"Gold",J13>=300,"Silver",TRUE,"Bronze") | L13: =_xlfn.XLOOKUP(K13,TierName,TierDiscount,0) | M13: =J13*(1-L13)
... A26: O0025 | B26: 46363 | C26: C010 | D26: ThinkPad X1 | E26: 1 | F26: =_xlfn.XLOOKUP(C26,Customers!$A$2:$A$13,Customers!$B$2:$B$13,"Not found") | G26: =_xlfn.XLOOKUP(C26,Customers!$A$2:$A$13,Customers!$C$2:$C$13,"Not found") | H26: =INDEX(Products!$C$2:$C$19,MATCH(D26,Products!$B$2:$B$19,0)) | I26: =_xlfn.XLOOKUP(D26,Products!$B$2:$B$19,Products!$D$2:$D$19,0) | J26: =I26*E26 | K26: =_xlfn.IFS(J26>=2000,"Platinum",J26>=1000,"Gold",J26>=300,"Silver",TRUE,"Bronze") | L26: =_xlfn.XLOOKUP(K26,TierName,TierDiscount,0) | M26: =J26*(1-L26)

Sheet Products
A1: SKU | B1: Product | C1: Category | D1: List Price
A2: NT-001 | B2: Bluetooth Headphones | C2: Accessory | D2: 86.99
A3: NT-002 | B3: Dell XPS 15 | C3: Laptop | D3: 1462.12
A4: NT-003 | B4: Echo Dot 6 | C4: Smart Home | D4: 167.73
A5: NT-004 | B5: Galaxy S24 | C5: Smartphone | D5: 730.12
A6: NT-005 | B6: Galaxy Tab S10 | C6: Tablet | D6: 572.75
A7: NT-006 | B7: Google Nest Hub 3 | C7: Smart Home | D7: 239.47
A8: NT-007 | B8: HP Spectre x360 | C8: Laptop | D8: 1505.26
A9: NT-008 | B9: Laptop Sleeve 15in | C9: Accessory | D9: 107.3
A10: NT-009 | B10: MacBook Air M4 | C10: Laptop | D10: 1337.73
A11: NT-010 | B11: OnePlus 13 | C11: Smartphone | D11: 745.25
A12: NT-011 | B12: Pixel 9 Pro | C12: Smartphone | D12: 1019
A13: NT-012 | B13: Ring Doorbell Pro | C13: Smart Home | D13: 157.97
... A19: NT-018 | B19: iPhone 16 | C19: Smartphone | D19: 862.75

Sheet Customers
A1: Customer ID | B1: Customer Name | C1: Country | D1: City | E1: Score
A2: C001 | B2: Alex Johnson | C2: United States | D2: San Francisco | E2: 20
A3: C002 | B3: Maria Garcia | C3: United States | D3: New York | E3: 100
A4: C003 | B4: John Smith | C4: United States | D4: Dallas
A5: C004 | B5: Li Zhang | C5: United States | D5: Seattle | E5: 30
A6: C005 | B6: Aarav Kumar | C6: United States | D6: Miami | E6: 150
A7: C006 | B7: Sofia Lopez | C7: United States | D7: Chicago
A8: C007 | B8: Michael Miller | C8: United States | D8: Los Angeles | E8: 25
A9: C008 | B9: Wei Wang | C9: United States | D9: Newark
A10: C009 | B10: Priya Singh | C10: Germany | D10: Munich | E10: 50
A11: C010 | B11: Emily Brown | C11: China | D11: Shenzhen | E11: 350
A12: C011 | B12: David Davis | C12: India | D12: Bengaluru
A13: C012 | B13: Chen Li | C13: China | D13: Shanghai | E13: 55

Sheet Tiers
A1: Discount tiers - edit these and every order recalculates
A3: Tier | B3: Min Revenue | C3: Discount
A4: Platinum | B4: 2000 | C4: 0.15
A5: Gold | B5: 1000 | C5: 0.1
A6: Silver | B6: 300 | C6: 0.05
A7: Bronze | B7: 0 | C7: 0

Sheet Dynamic Arrays
A1: Dynamic Arrays - one formula, many results
A3: 1. UNIQUE - every distinct category, no duplicates
A4: =_xlfn.UNIQUE(Products!C2:C19)
A12: 2. SORT - products sorted by list price, highest first
A13: =_xlfn._xlws.SORT(Products!B2:D19,3,-1)
A35: 3. FILTER - only the Laptop products
A36: =_xlfn._xlws.FILTER(Products!B2:D19,Products!C2:C19="Laptop","none found")
A45: 4. FILTER + SORT combined - orders over $1,000, biggest first
A46: =_xlfn._xlws.SORT(_xlfn._xlws.FILTER(Orders!A2:E26,Orders!E2:E26>=2,"none"),1,1)
