Workbook

Sheet Branch Orders
A1: Order ID | B1: Order Date | C1: Customer | D1: Country | E1: Product | F1: Category | G1: Quantity | H1: Sales | I1: Order Size
A2: O0046 | B2: 45571 | C2: Chipo Marufu | D2: Zimbabwe | E2: Echo Dot 6 | F2: Smart Home | G2: 1 | H2: 174 | I2: =IF(H2>=1000,"Large",IF(H2>=300,"Medium","Small"))
A3: O0047 | B3: 45489 | C3: Amara Otieno | D3: Kenya | E3: USB-C Hub 7in1 | F3: Accessory | G3: 3 | H3: 396 | I3: =IF(H3>=1000,"Large",IF(H3>=300,"Medium","Small"))
A4: O0048 | B4: 45478 | C4: Farai Ncube | D4: Zimbabwe | E4: HP Spectre x360 | F4: Laptop | G4: 1 | H4: 1799 | I4: =IF(H4>=1000,"Large",IF(H4>=300,"Medium","Small"))
A5: O0049 | B5: 45951 | C5: Tendai Moyo | D5: Zimbabwe | E5: ThinkPad X1 | F5: Laptop | G5: 1 | H5: 1259 | I5: =IF(H5>=1000,"Large",IF(H5>=300,"Medium","Small"))
A6: O0050 | B6: 45438 | C6: Tendai Moyo | D6: Zimbabwe | E6: Laptop Sleeve 15in | F6: Accessory | G6: 1 | H6: 146 | I6: =IF(H6>=1000,"Large",IF(H6>=300,"Medium","Small"))
A7: O0051 | B7: 45764 | C7: Simbarashe Mutasa | D7: Zimbabwe | E7: iPad Air 6 | F7: Tablet | G7: 4 | H7: 3980 | I7: =IF(H7>=1000,"Large",IF(H7>=300,"Medium","Small"))
A8: O0052 | B8: 45554 | C8: Chanda Phiri | D8: Zambia | E8: Dell XPS 15 | F8: Laptop | G8: 1 | H8: 1003 | I8: =IF(H8>=1000,"Large",IF(H8>=300,"Medium","Small"))
A9: O0053 | B9: 46172 | C9: Kagiso Molefe | D9: Botswana | E9: Pixel 9 Pro | F9: Smartphone | G9: 1 | H9: 794 | I9: =IF(H9>=1000,"Large",IF(H9>=300,"Medium","Small"))
A10: O0054 | B10: 46352 | C10: Amara Otieno | D10: Kenya | E10: Dell XPS 15 | F10: Laptop | G10: 4 | H10: 6777.6 | I10: =IF(H10>=1000,"Large",IF(H10>=300,"Medium","Small"))
A11: O0055 | B11: 46306 | C11: Amara Otieno | D11: Kenya | E11: Surface Go 4 | F11: Tablet | G11: 3 | H11: 2898 | I11: =IF(H11>=1000,"Large",IF(H11>=300,"Medium","Small"))
A12: O0056 | B12: 45919 | C12: Rutendo Chikafu | D12: Zimbabwe | E12: USB-C Hub 7in1 | F12: Accessory | G12: 2 | H12: 214 | I12: =IF(H12>=1000,"Large",IF(H12>=300,"Medium","Small"))
A13: O0057 | B13: 45444 | C13: Farai Ncube | D13: Zimbabwe | E13: Bluetooth Headphones | F13: Accessory | G13: 1 | H13: 165.3 | I13: =IF(H13>=1000,"Large",IF(H13>=300,"Medium","Small"))
... A36: O0080 | B36: 45691 | C36: Thabo Nkosi | D36: South Africa | E36: Wireless Mouse Pro | F36: Accessory | G36: 1 | H36: 135 | I36: =IF(H36>=1000,"Large",IF(H36>=300,"Medium","Small"))

Sheet Answers
A1: Day 1 Homework - Answer Key
A2: Every answer below is a live formula reading the Branch Orders sheet. Click a cell to see how it was worked out.
A4: Q1 Total sales for the branch | B4: =SUM('Branch Orders'!H2:H36)
A5: Q2 Number of orders | B5: =COUNT('Branch Orders'!H2:H36)
A6: Q3 Average order value | B6: =AVERAGE('Branch Orders'!H2:H36)
A7: Q4 Largest single order | B7: =MAX('Branch Orders'!H2:H36)
A8: Q5 Which category earned the most?
A9: Q6 How many orders were over $1,000? | B9: =COUNTIF('Branch Orders'!H2:H36,">1000")
A10: Q7 Total sales outside Zimbabwe | B10: =SUMIF('Branch Orders'!D2:D36,"<>Zimbabwe",'Branch Orders'!H2:H36)
A12: Q5 worked out - your PivotTable should match this:
A13: Category | B13: Total Sales | C13: Order Count
A14: Laptop | B14: =SUMIF('Branch Orders'!F2:F36,A14,'Branch Orders'!H2:H36) | C14: =COUNTIF('Branch Orders'!F2:F36,A14)
A15: Smartphone | B15: =SUMIF('Branch Orders'!F2:F36,A15,'Branch Orders'!H2:H36) | C15: =COUNTIF('Branch Orders'!F2:F36,A15)
A16: Tablet | B16: =SUMIF('Branch Orders'!F2:F36,A16,'Branch Orders'!H2:H36) | C16: =COUNTIF('Branch Orders'!F2:F36,A16)
A17: Accessory | B17: =SUMIF('Branch Orders'!F2:F36,A17,'Branch Orders'!H2:H36) | C17: =COUNTIF('Branch Orders'!F2:F36,A17)
A18: Smart Home | B18: =SUMIF('Branch Orders'!F2:F36,A18,'Branch Orders'!H2:H36) | C18: =COUNTIF('Branch Orders'!F2:F36,A18)
A19: Total | B19: =SUM(B14:B18) | C19: =SUM(C14:C18)
